name,color
MediumOrchid,#BA55D3
DeepPink1,#FF1493
DarkOrange2,#EE7600
Yellow2,#EEEE00
Blue3,#0000CD
Purple4,#551A8B
SpringGreen1,#00FF7F
SlateBlue2,#7A67EE
Maroon3,#CD2990
DarkGoldenrod3,#CD950C
Sienna1,#FF8247
BlueViolet,#8A2BE2
Violet,#EE82EE
Khaki1,#FFF68F
Brown3,#CD3333
RoyalBlue3,#3A5FCD
Tomato4,#8B3626
gray91,#E8E8E8
Khaki2,#EEE685
DarkOliveGreen4,#6E8B3D
Aquamarine2,#76EEC6
Goldenrod2,#EEB422
Burlywood3,#CDAA7D
Yellow4,#8B8B00
DeepPink2,#EE1289
Green1,#00FF00
DarkOrchid,#9932CC
Salmon3,#CD7054
Magenta2,#EE00EE
PaleTurquoise1,#BBFFFF
MediumPurple,#9370DB
MediumOrchid4,#7A378B
PaleVioletRed2,#EE799F
DeepSkyBlue1,#00BFFF
SlateGray4,#6C7B8B
gray81,#CFCFCF
DarkSlateGray4,#528B8B
DodgerBlue3,#1874CD
Brown4,#8B2323
OrangeRed1,#FF4500
Gold1,#FFD700
DarkOliveGreen2,#BCEE68
Tomato2,#EE5C42
Purple3,#7D26CD
Burlywood1,#FFD39B
Magenta3,#CD00CD
DeepPink4,#8B0A50
Red1,#FF0000
SeaGreen4,#2E8B57
OliveDrab2,#B3EE3A
Burlywood2,#EEC591
Green3,#00CD00
RoyalBlue4,#27408B
Plum,#DDA0DD
Sienna2,#EE7942
Coral1,#FF7256
RosyBrown3,#CD9B9B
SpringGreen4,#008B45
SpringGreen3,#00CD66
Maroon4,#8B1C62
PaleGreen3,#7CCD7C
Yellow1,#FFFF00
Orchid,#DA70D6
Sienna3,#CD6839
PaleVioletRed3,#CD6889
DodgerBlue2,#1C86EE
DarkOrange1,#FF7F00
SlateGray2,#B9D3EE
MediumPurple3,#8968CD
Coral4,#8B3E2F
DarkOrchid4,#68228B
Coral3,#CD5B45
DarkGoldenrod2,#EEAD0E
Chocolate4,#8B4513
Cyan1,#00FFFF
SeaGreen1,#54FF9F
Tomato1,#FF6347
CadetBlue3,#7AC5CD
PaleTurquoise2,#AEEEEE
DodgerBlue1,#1E90FF
DeepSkyBlue4,#00688B
VioletRed1,#FF3E96
Aquamarine3,#66CDAA
OrangeRed3,#CD3700
CadetBlue2,#8EE5EE
Green2,#00EE00
Orchid4,#8B4789
DarkSlateGray3,#79CDCD
Cyan3,#00CDCD
grey61,#9C9C9C
Firebrick2,#EE2C2C
Aquamarine4,#458B74
DarkCyan,#008B8B
Cyan4,#008B8B
SteelBlue3,#4F94CD
Salmon2,#EE8262
Blue2,#0000EE
SeaGreen3,#43CD80
DeepSkyBlue3,#009ACD
Purple1,#9B30FF
Chocolate1,#FF7F24
DarkBlue,#00008B
Magenta4,#8B008B
Turquoise1,#00F5FF
SteelBlue2,#5CACEE
Gold4,#8B7500
DarkOrange3,#CD6600
Red2,#EE0000
Maroon1,#FF34B3
PaleGreen4,#548B54
Khaki4,#8B864E
SkyBlue4,#4A708B
LightGreen,#90EE90
VioletRed4,#8B2252
DarkOrchid1,#BF3EFF
DarkRed,#8B0000
PaleTurquoise4,#668B8B
Plum4,#8B668B
Red3,#CD0000
grey71,#B5B5B5
IndianRed3,#CD5555
Orange3,#CD8500
Brown2,#EE3B3B
VioletRed3,#CD3278
Orange4,#8B5A00
Turquoise2,#00E5EE
Green4,#008B00
CadetBlue1,#98F5FF
MediumPurple2,#9F79EE
Sienna4,#8B4726
DarkGoldenrod1,#FFB90F
PaleGreen1,#9AFF9A
Chocolate2,#EE7621
grey41,#696969
DarkOliveGreen3,#A2CD5A
SkyBlue3,#6CA6CD
Thistle,#D8BFD8
Coral2,#EE6A50
DeepPink3,#CD1076
Red4,#8B0000
OliveDrab4,#698B22
Orchid2,#EE7AE9
Turquoise4,#00868B
IndianRed4,#8B3A3A
Blue4,#00008B
Thistle2,#EED2EE
Maroon2,#EE30A7
MediumOrchid2,#D15FEE
Goldenrod1,#FFC125
DarkSeaGreen1,#C1FFC1
DodgerBlue4,#104E8B
PaleVioletRed4,#8B475D
DarkMagenta,#8B008B
VioletRed2,#EE3A8C
SlateBlue1,#836FFF
grey21,#363636
HotPink3,#CD6090
DarkGoldenrod4,#8B658B
Aquamarine1,#7FFFD4
Thistle4,#8B7B8B
Orange2,#EE9A00
IndianRed2,#EE6363
MediumOrchid1,#E066FF
Plum3,#CD96CD
Burlywood4,#8B7355
Plum1,#FFBBFF
PaleGreen2,#90EE90
Pink4,#8B636C
DarkSeaGreen3,#9BCD9B
SteelBlue4,#36648B
SteelBlue1,#63B8FF
MediumPurple4,#5D478B
Pink2,#EEA9B8
SlateBlue4,#473C8B
RosyBrown2,#EEB4B4
MediumOrchid3,#B452CD
Orange1,#FFA500
SlateBlue3,#6959CD
Thistle1,#FFE1FF
Turquoise3,#00C5CD
Pink1,#FFB5C5
SpringGreen2,#00EE76
Khaki3,#CDC673
Thistle3,#CDB5CD
Firebrick3,#CD2626
grey51,#828282
DarkOrchid2,#B23AEE
Pink3,#CD919E
Chartreuse3,#66CD00
DarkOliveGreen1,#CAFF70
Magenta1,#FF00FF
Firebrick4,#8B1A1A
RosyBrown1,#FFC1C1
RosyBrown4,#8B6969
Brown1,#FF4040
Gold3,#CDAD00
OliveDrab3,#9ACD32
Firebrick1,#FF3030
DarkOrchid3,#9A32CD
SlateGray3,#9FB6CD
Goldenrod4,#8B6914
Orchid3,#CD69C9
Chartreuse1,#7FFF00
SkyBlue1,#87CEFF
Purple,#A020F0
OrangeRed2,#EE4000
MediumPurple1,#AB82FF
Salmon1,#FF8C69
Cyan2,#00EEEE
DarkSlateGray1,#97FFFF
Goldenrod3,#CD9B1D
Blue1,#0000FF
Orchid1,#FF83FA
DarkSlateGray2,#8DEEEE
CadetBlue4,#53868B
OrangeRed4,#8B2500
Gold2,#EEC900
SlateGray1,#C6E2FF
Yellow3,#CDCD00
Magenta,#FF00FF
Salmon4,#8B4C39
DarkViolet,#9400D3
Chocolate3,#CD661D
OliveDrab1,#C0FF3E
Chartreuse2,#76EE00
SeaGreen2,#4EEE94
PaleTurquoise3,#96CDCD
Plum2,#EEAEEE
PaleVioletRed1,#FF82AB
Tomato3,#CD4F39
RoyalBlue2,#436EEE
DeepSkyBlue2,#00B2EE
HotPink4,#8B3A62
grey31,#4F4F4F
grey11,#1C1C1C
DarkSeaGreen2,#B4EEB4
HotPink2,#EE6AA7
Purple2,#912CEE
DarkSeaGreen4,#698B69
DarkOrange4,#8B4500
Chartreuse4,#458B00
HotPink1,#FF6EB4
DarkGrey,#A9A9A9
RoyalBlue1,#4876FF
IndianRed1,#FF6A6A
SkyBlue2,#7EC0EE
